file,day_type
OD_matrix_Final_Ticket_data_2024-07-01_00-00-00_to_23-00-00_long_format_nonzero,weekday
OD_matrix_Final_Ticket_data_2024-07-02_00-00-00_to_23-00-00_long_format_nonzero,weekday
OD_matrix_Final_Ticket_data_2024-07-03_00-00-00_to_23-00-00_long_format_nonzero,weekday
OD_matrix_Final_Ticket_data_2024-07-04_00-00-00_to_23-00-00_long_format_nonzero,weekday
OD_matrix_Final_Ticket_data_2024-07-05_00-00-00_to_23-00-00_long_format_nonzero,weekday
OD_matrix_Final_Ticket_data_2024-07-06_00-00-00_to_23-00-00_long_format_nonzero,saturday
OD_matrix_Final_Ticket_data_2024-07-07_00-00-00_to_23-00-00_long_format_nonzero,sunday
OD_matrix_Final_Ticket_data_2024-07-08_00-00-00_to_23-00-00_long_format_nonzero,weekday
OD_matrix_Final_Ticket_data_2024-07-09_00-00-00_to_23-00-00_long_format_nonzero,weekday
OD_matrix_Final_Ticket_data_2024-07-10_00-00-00_to_23-00-00_long_format_nonzero,weekday
OD_matrix_Final_Ticket_data_2024-07-11_00-00-00_to_23-00-00_long_format_nonzero,weekday
OD_matrix_Final_Ticket_data_2024-07-12_00-00-00_to_23-00-00_long_format_nonzero,weekday
OD_matrix_Final_Ticket_data_2024-07-13_00-00-00_to_23-00-00_long_format_nonzero,saturday
OD_matrix_Final_Ticket_data_2024-07-14_00-00-00_to_23-00-00_long_format_nonzero,sunday
OD_matrix_Final_Ticket_data_2024-07-15_00-00-00_to_23-00-00_long_format_nonzero,weekday
OD_matrix_Final_Ticket_data_2024-07-16_00-00-00_to_23-00-00_long_format_nonzero,weekday
OD_matrix_Final_Ticket_data_2024-07-17_00-00-00_to_23-00-00_long_format_nonzero,weekday
OD_matrix_Final_Ticket_data_2024-07-18_00-00-00_to_23-00-00_long_format_nonzero,weekday
OD_matrix_Final_Ticket_data_2024-07-19_00-00-00_to_23-00-00_long_format_nonzero,weekday
OD_matrix_Final_Ticket_data_2024-07-20_00-00-00_to_23-00-00_long_format_nonzero,saturday
OD_matrix_Final_Ticket_data_2024-07-21_00-00-00_to_23-00-00_long_format_nonzero,sunday
OD_matrix_Final_Ticket_data_2024-07-22_00-00-00_to_23-00-00_long_format_nonzero,weekday
OD_matrix_Final_Ticket_data_2024-07-23_00-00-00_to_23-00-00_long_format_nonzero,weekday
OD_matrix_Final_Ticket_data_2024-07-24_00-00-00_to_23-00-00_long_format_nonzero,weekday
OD_matrix_Final_Ticket_data_2024-07-25_00-00-00_to_23-00-00_long_format_nonzero,weekday
OD_matrix_Final_Ticket_data_2024-07-26_00-00-00_to_23-00-00_long_format_nonzero,weekday
OD_matrix_Final_Ticket_data_2024-07-27_00-00-00_to_23-00-00_long_format_nonzero,saturday
OD_matrix_Final_Ticket_data_2024-07-28_00-00-00_to_23-00-00_long_format_nonzero,sunday
OD_matrix_Final_Ticket_data_2024-07-29_00-00-00_to_23-00-00_long_format_nonzero,weekday
OD_matrix_Final_Ticket_data_2024-07-30_00-00-00_to_23-00-00_long_format_nonzero,weekday
OD_matrix_Final_Ticket_data_2024-07-31_00-00-00_to_23-00-00_long_format_nonzero,weekday
Combined_OD_matrix_00-00-00_to_23-00-00_long_format_nonzero,"weekday (combined file, not summed into total)"
