zone,lat,lon
3,13.08820568,80.28388983
5,13.09334958,80.28609345
6,13.0942744,80.2803686
8,13.09770869,80.2865549
9,13.0983348,80.280977
12,13.09969646,80.2940232
15,13.10282174,80.29046208
17,13.10425522,80.27597223
19,13.10582067,80.28022348
20,13.1039874,80.27376808
21,13.10470286,80.27122752
26,13.1066339,80.294955
28,13.11013631,80.28115902
36,13.11754574,80.25220425
40,13.11540819,80.29260827
41,13.11138247,80.26561624
43,13.11724922,80.28423237
44,13.11372265,80.1538685
46,13.10973278,80.25902093
50,13.11960234,80.28567938
52,13.11926288,80.27651136
65,13.11846611,80.25947992
69,12.9872495,80.228376
72,13.1257607,80.292203
74,13.12727349,80.29013748
75,13.12656867,80.27157177
78,13.12769,80.2922992
82,13.1239118,80.25945266
83,13.12043525,80.25460483
87,13.1300235,80.26718682
91,13.13446032,80.2861075
93,13.13436512,80.29720469
99,13.13833631,80.29427033
101,13.1249327,80.2489309
106,13.13900358,80.28183943
110,13.13007133,80.24990756
111,13.0920128,80.22283165
112,13.13406498,80.2535687
114,13.13660407,80.25660777
117,13.12877548,80.24173197
119,13.14615451,80.28459646
121,13.1450588,80.297087
123,13.1458556,80.2964561
125,13.14785079,80.28564025
128,13.1478614,80.2941488
130,13.14674884,80.30157513
132,13.14785832,80.29823527
133,13.13974319,80.24829643
146,13.15385012,80.30046301
148,13.12595788,80.26101828
149,13.1414156,80.2370108
151,13.156679,80.295467
153,13.14228628,80.23672423
155,13.15334102,80.22197022
156,13.15634065,80.30496975
162,13.1502766,80.24178797
164,13.10672241,80.23394244
166,13.1619219,80.2696744
170,13.15127426,80.24001399
172,13.16196387,80.30293228
179,13.1635107,80.25881254
186,13.1616853,80.24410761
187,13.14208058,80.23264208
190,13.16682667,80.25006906
192,13.17327209,80.29249694
195,13.171738,80.305486
196,13.1721581,80.30525308
197,13.16686362,80.24570138
199,13.1452906,80.22266033
207,13.17655419,80.29469579
209,13.17510016,80.30614923
211,13.17787603,80.2701027
213,13.16809091,80.23811858
216,13.1632293,80.22781507
217,13.17428778,80.24947321
220,13.16301015,80.22458225
222,13.18134548,80.29885411
224,13.18002368,80.25776908
225,13.17417163,80.23843705
229,13.185089,80.3028968
230,13.18582272,80.30333299
231,13.17645718,80.23550289
233,13.18492415,80.31166771
238,13.1889801,80.3071883
241,13.18864894,80.31073415
242,13.1871596,80.3166699
245,13.19105075,80.31059921
246,13.18526498,80.25330019
247,13.18357083,80.23457023
248,13.19172652,80.25739049
250,13.1925048,80.3095432
251,13.19105548,80.25158593
253,13.14366813,80.17815863
254,13.17537003,80.21540657
255,13.17546,80.215134
257,13.19608056,80.31189689
258,13.21179852,80.18725012
259,13.18436202,80.22364182
260,13.16552109,80.20983873
261,13.20193061,80.27604731
264,13.1704748,80.19937103
267,13.1915032,80.223766
268,13.20273874,80.31717951
273,13.19467443,80.22056791
275,13.1978286,80.22861951
276,13.20597449,80.2506075
281,13.18580198,80.20283622
282,13.21011509,80.31669481
284,13.18648132,80.19979775
289,13.18924266,80.19932928
292,13.21823259,80.27266306
293,13.18459083,80.19152106
294,13.2145944,80.3202929
295,13.19973408,80.21132525
297,13.21483139,80.32080306
298,13.18600411,80.19022317
299,13.21735023,80.24894847
300,13.20615884,80.21722685
302,13.2061595,80.217226
303,13.1939169,80.1937833
309,13.18406115,80.24452379
310,13.1948118,80.1892501
311,13.22251709,80.32790638
315,13.19281878,80.18384183
318,13.2168691,80.21915018
323,13.22538249,80.32685976
326,13.22385685,80.25549114
331,13.22823229,80.21822337
333,13.21849027,80.19702498
334,13.23413022,80.22773021
335,13.20435602,80.17500649
339,13.24122093,80.2355129
342,13.2469208,80.3194896
347,13.24450314,80.29534913
348,13.25175109,80.30381358
351,13.24600371,80.23144189
352,13.22682251,80.18752408
354,13.2554796,80.27469831
356,13.09923698,80.21151391
359,13.23807043,80.19885787
363,13.223757,80.166712
366,13.26231503,80.25044351
367,13.25385012,80.21509669
368,13.22719293,80.16560284
369,13.26762294,80.2646369
371,13.24116143,80.18380289
373,13.2352834,80.1708605
375,13.23662352,80.1717421
376,13.23699,80.170925
377,13.26137195,80.21597268
379,13.26926891,80.24096013
381,13.23728289,80.16642718
383,13.2458349,80.1708158
385,13.23955259,80.16085043
388,13.28219868,80.25364959
389,13.25424911,80.17150261
393,13.2566161,80.21555059
394,13.21935705,80.18037644
397,13.20193084,80.18414583
399,13.24454027,80.22505486
401,13.24961883,80.14795943
402,13.2838205,80.1995551
403,13.24922661,80.13931693
404,13.26195461,80.15501613
405,13.20213539,80.21481056
406,13.30352467,80.27247898
408,13.29449794,80.21571717
409,13.24854659,80.16480446
413,13.30686876,80.32818726
415,13.20375167,80.15694177
416,13.27484761,80.15106238
417,13.26296593,80.13484527
418,13.31229873,80.32479915
422,13.31257593,80.21125329
424,13.31983739,80.3358353
425,13.28661251,80.14888248
429,13.2668645,80.114466
430,13.26478806,80.19650854
432,13.30896233,80.17329542
438,13.31567741,80.18008852
442,13.29993575,80.13331081
445,13.28759021,80.10927324
447,13.27449086,80.0948918
448,13.28442432,80.1838406
449,13.33587926,80.19384355
450,13.24844446,80.17443423
453,13.31945942,80.14527933
454,13.24058148,80.22707955
455,13.34395114,80.19581247
457,13.35875568,80.24136933
458,13.29382757,80.09638052
460,13.36294012,80.253396
461,13.34170538,80.1613779
462,13.32078983,80.12015234
465,13.36231469,80.2022581
468,13.34156258,80.14391009
469,13.36891831,80.20833241
470,13.37828533,80.27973375
471,13.37421138,80.14399311
473,13.3346364,80.10345969
474,13.34020105,80.24435419
476,13.18102621,80.17114592
477,13.25479197,80.23144654
479,13.363794,80.139443
480,13.33050968,80.08473217
483,13.3662907,80.13921797
484,13.396626,80.240191
485,13.367011,80.140071
486,13.3666256,80.1390568
488,13.40044639,80.26132133
491,13.32631945,80.07016917
493,13.40218391,80.24888893
494,13.40421533,80.28342156
496,13.40533478,80.28605549
497,13.32416996,80.06394451
498,13.40231831,80.22238762
499,13.31248005,80.12536777
502,13.41494118,80.31378274
504,13.33580927,80.16909492
505,13.41849096,80.31565259
506,13.37514651,80.10057837
507,13.4274437,80.2739458
509,13.34819718,80.14325201
511,13.4312923,80.22686839
512,13.43848434,80.25168016
514,13.40803191,80.12719613
515,13.42873128,80.17979217
518,13.41611369,80.13534046
519,13.42904447,80.16990821
529,13.44046128,80.18503057
530,13.441333,80.186571
532,13.45710573,80.26182701
533,13.45518614,80.22409671
536,13.45304143,80.19976543
537,13.45577419,80.21206392
538,13.45746145,80.21709864
540,13.45389149,80.19461427
542,13.39684852,80.05225906
545,13.40554744,80.03562566
546,13.374866,79.996763
547,13.36864096,80.25387659
548,13.442842,80.089816
549,13.438693,80.075316
551,13.4656654,80.12998112
553,13.46862491,80.13744793
554,13.46039937,80.11562764
557,13.48477393,80.18475651
559,13.48448359,80.17919839
564,13.48405213,80.16599823
566,13.48914584,80.18599724
567,13.48480289,80.16075837
572,13.48495683,80.14572853
574,13.30000789,80.07857796
575,13.4581011,80.0543973
577,13.4199003,79.99794645
580,13.447425,80.007597
581,13.27555246,80.0659873
582,13.08240845,80.28894496
583,13.0803861,80.28823971
584,13.08921476,80.29035471
586,13.08232389,80.28220106
590,13.07419972,80.27347813
591,13.0723895,80.2750289
595,13.06638959,80.28440016
596,13.069509,80.272562
597,13.0696869,80.2713324
599,13.06791416,80.27234672
605,13.0633338,80.2812089
607,13.063801,80.27814
616,13.05810208,80.27810446
617,13.05728473,80.2815693
624,13.058661,80.264078
625,13.05733321,80.26491451
626,13.0522119,80.2764062
633,13.0541197,80.26428872
634,13.04854153,80.28044672
637,13.05243989,80.26377836
641,13.04570362,80.28011133
643,13.0477781,80.2688275
653,13.04443228,80.26689684
661,13.05173299,80.25023789
665,13.046061,80.25574
666,13.0382841,80.2687202
669,13.0382063,80.26725273
672,13.03661225,80.26767215
673,13.04697607,80.2484546
677,13.03297599,80.27890275
678,13.03925556,80.25750034
679,13.03416858,80.26796072
681,13.03816269,80.2558029
689,13.039019,80.2486685
695,13.0400449,80.24312889
702,13.0276392,80.2619375
703,13.03553838,80.24608285
704,13.02623343,80.26572758
706,13.02382815,80.27360232
711,13.02720238,80.25449671
716,13.02904996,80.24900779
723,13.03169091,80.24104471
730,13.0306279,80.2379692
731,13.018547,80.260005
732,13.02996021,80.23780423
735,13.022257,80.250045
736,13.0246104,80.2435453
739,13.02197222,80.24239352
745,13.0257086,80.2298734
746,13.18645044,80.26273051
749,13.00748095,80.26155158
750,13.00882797,80.25373366
751,13.02294959,80.23055723
753,13.01085683,80.24889126
754,13.00704218,80.258248
757,13.0226742,80.2268526
759,13.0136256,80.2393006
761,13.00657176,80.25343149
763,13.0085931,80.2441277
766,13.00652053,80.24662743
772,13.00657275,80.24358326
773,13.00762875,80.24021108
777,13.01559755,80.225065
779,13.0078603,80.23507493
780,12.99596188,80.26752656
782,12.99816795,80.25628927
791,12.99751992,80.24893764
792,13.01058075,80.2251747
793,12.996793,80.248945
797,13.01065396,80.22276661
802,12.98949138,80.25095763
804,12.98701736,80.25911793
805,13.0090327,80.2160634
807,12.99267689,80.24234306
808,12.98933768,80.25115661
810,13.00925525,80.21305427
811,12.98513417,80.25963777
812,13.00807843,80.21317311
813,13.00941155,80.21114278
816,13.0088405,80.2108157
819,13.09185846,80.17951163
820,12.98549877,80.2405483
822,12.98026584,80.25137795
823,13.00081732,80.21088911
824,12.97900351,80.25213779
827,12.994054,80.217611
830,12.9911318,80.21972868
832,13.0043658,80.2028887
834,12.9918542,80.2166465
835,12.98773001,80.22305787
836,12.99144,80.2168163
838,12.99820063,80.2073055
839,12.9737215,80.2540701
845,12.9930346,80.2101973
848,12.98921302,80.21472633
850,12.9855182,80.2188858
851,12.96949584,80.25764856
859,12.982426,80.2172427
860,12.99440558,80.20023036
861,12.9934181,80.2008987
862,12.99513959,80.19867439
863,12.98921991,80.20490923
865,12.9799466,80.2179428
866,12.96612508,80.2476899
868,13.02711129,80.17555973
869,12.9656459,80.2485111
871,12.97622025,80.22122025
873,13.03718815,80.20263953
874,12.97555914,80.22049587
875,12.9982022,80.18231951
878,12.99136924,80.1942757
882,12.97883862,80.20878716
883,12.9781701,80.2091682
888,12.97015517,80.21863167
889,12.9914277,80.1900188
891,12.95915294,80.24457739
893,13.01486201,80.20933462
895,12.95408524,80.25517877
897,12.98129067,80.19531402
901,12.97399368,80.20264805
902,12.95015191,80.2548975
906,12.96382073,80.21564699
907,12.98298137,80.18839795
908,12.97820069,80.19394731
909,12.9635786,80.2153793
912,12.96453146,80.21139785
916,12.9765097,80.1914787
921,12.94922683,80.23989733
924,12.9489361,80.2353222
931,12.97795504,80.18154367
933,12.97231942,80.18719644
935,12.94703754,80.1950307
937,13.03455869,80.1633771
938,12.96845502,80.18961447
941,12.94937026,80.2213249
942,12.94946,80.221242
946,12.93845789,80.2526753
948,12.96595832,80.18861092
949,12.94011983,80.24009288
951,12.93792448,80.24159244
954,12.94856135,80.20950569
955,12.9620642,80.1876198
963,12.933695,80.2328126
965,12.9695212,80.1703706
969,12.9556074,80.1868681
972,12.9485907,80.1952951
974,12.93098,80.231549
975,12.92837482,80.23879338
980,13.00287512,80.2184818
981,12.9235976,80.2558288
985,12.9430245,80.1959811
993,12.94746594,80.18441257
1001,12.95133528,80.17414906
1004,12.9519567,80.1715453
1008,12.91393054,80.25024826
1009,12.92930771,80.2026721
1010,12.93945241,80.1825005
1011,12.910636,80.2500323
1012,12.95442353,80.15933767
1014,12.9394797,80.1774495
1017,12.97590308,80.22796697
1019,12.93905148,80.17197118
1022,12.9314857,80.18155941
1023,12.9129903,80.2187619
1025,12.93685002,80.1707806
1026,12.94871843,80.15560768
1029,12.9094132,80.220498
1036,12.898066,80.247405
1037,12.92051281,80.18477609
1041,12.90079552,80.23104891
1043,12.90045519,80.22766575
1044,13.02320333,80.16051265
1047,12.910985,80.1970202
1048,12.91089296,80.19630932
1051,12.8597372,80.12882294
1057,12.90250916,80.20178288
1058,12.90683756,80.19972088
1059,12.9440708,80.14316846
1061,12.949269,80.13781198
1063,12.9119063,80.1859373
1065,12.94191605,80.1430494
1069,12.91160652,80.16576098
1074,12.90656196,80.18894278
1075,12.9203428,80.1654022
1076,12.91267297,80.19433033
1077,12.93587143,80.14479457
1078,12.88673692,80.2457075
1081,12.9134555,80.1730051
1082,12.92988634,80.14817921
1084,12.9676636,80.16383116
1085,12.9373622,80.13872793
1088,12.93072012,80.14231504
1089,12.92269854,80.15180332
1093,12.92675359,80.15346637
1094,12.89935194,80.18291428
1097,12.90636628,80.16721131
1098,12.8840214,80.2154216
1099,12.89746502,80.1821371
1100,12.92242597,80.14354007
1101,12.8923157,80.1888917
1104,13.00778756,80.22968092
1109,12.96341769,80.19011234
1110,12.8778125,80.21949809
1111,12.87995662,80.20994941
1115,12.89558322,80.17368612
1116,12.88190073,80.20320216
1121,12.89778811,80.16716912
1124,12.86875419,80.2434859
1132,12.8986416,80.16160833
1133,12.870665,80.22633
1135,12.92305843,80.1256819
1137,12.87848895,80.19277526
1138,12.90704397,80.142556
1140,12.9024406,80.1470451
1143,12.86108886,80.22652258
1144,12.88251393,80.17061805
1145,12.8601432,80.2272254
1146,12.87994558,80.17019119
1150,12.8966998,80.141309
1152,12.9116543,80.1204551
1153,12.87648764,80.17061705
1154,12.875874,80.171135
1156,12.85115755,80.24120443
1157,12.8946305,80.1389052
1158,12.88365102,80.15434103
1159,12.8828537,80.155418
1163,12.89091114,80.14090332
1165,12.96223408,80.21204807
1166,12.92810121,80.21205838
1168,12.79920801,80.20210445
1169,12.8910469,80.1791507
1173,12.84530613,80.22598184
1178,12.8484489,80.2089909
1181,12.86071553,80.17331945
1183,12.8398816,80.2261066
1184,12.84702295,80.20005225
1185,12.97891287,80.1635154
1188,12.86552257,80.15005692
1191,12.8316507,80.24045475
1194,12.83092589,80.22945753
1197,12.83535041,80.20095529
1198,12.95896284,80.1361066
1199,12.8264165,80.2313425
1200,12.82628001,80.23134531
1201,12.86666922,80.12774725
1202,12.97701692,80.12744841
1204,12.85480398,80.14252208
1208,12.86277586,80.12686312
1212,12.8381567,80.16940044
1213,12.85349539,80.10868619
1218,12.87462096,80.10697629
1221,12.83265528,80.16624343
1223,12.93854509,80.15089135
1224,12.837098,80.155398
1226,12.85916825,80.21243305
1231,12.80588756,80.24292496
1232,12.8462218,80.12328707
1235,12.88016034,80.0806188
1236,12.8603195,80.1044703
1237,12.95000094,80.16136155
1239,12.8343587,80.1400736
1241,12.8085313,80.20048763
1242,12.80125944,80.22355583
1244,12.87424954,80.07827577
1247,12.80868728,80.18629385
1248,12.81820548,80.16045857
1251,12.86982139,80.07611115
1253,12.79993965,80.19798111
1255,12.92072573,80.15401525
1256,12.8373127,80.1133022
1258,12.87135697,80.01692934
1259,12.78834706,80.24330948
1263,12.7901764,80.22074615
1265,12.8673697,80.0698575
1269,12.86210708,80.07344121
1271,12.85187096,80.08253887
1272,12.83030446,80.15014013
1275,12.82973101,80.12291358
1279,12.78215481,80.22942723
1281,12.77857,80.2482624
1282,12.85689342,80.06983035
1283,12.83192734,80.0982802
1285,12.7964332,80.1623948
1288,12.81066555,80.12433113
1289,12.8513055,80.06569022
1291,12.79856055,80.14036751
1293,12.77084883,80.21313635
1297,12.84509942,80.06156058
1298,12.8028061,80.12146738
1299,12.76322199,80.2455259
1306,12.832741,80.069646
1307,12.85534789,80.10547326
1309,12.77075861,80.18499446
1310,12.840055,80.05709
1312,12.82259457,80.07751281
1313,12.84006984,80.0555835
1317,12.90463568,80.12355096
1321,12.76033771,80.20167077
1323,12.90649019,80.11293073
1324,12.7588664,80.1833217
1325,12.76871351,80.15369873
1326,12.96152603,80.0596614
1329,12.87807575,80.13013595
1331,12.76947542,80.14450258
1332,12.93305639,80.07468993
1335,12.802003,80.075662
1340,12.85450957,80.21371856
1343,12.92066501,80.10944483
1344,12.76946851,80.1080137
1345,12.7678437,80.10839316
1347,12.72595987,80.23120422
1348,12.82246652,80.02514785
1350,12.74753994,80.14211088
1361,12.77696091,80.06886355
1362,12.75464878,80.10604884
1363,12.7447284,80.124526
1366,12.72216613,80.1872919
1369,12.79509655,80.03632378
1371,12.74134273,80.12433443
1373,12.71908348,80.17764245
1374,12.78353901,80.04494784
1376,12.86223287,80.14584848
1377,12.79977183,80.0232365
1378,12.7078321,80.223766
1379,12.77532784,80.05397199
1381,12.70544954,80.22370665
1382,12.78940256,80.03126772
1388,12.7190072,80.15185976
1390,12.69340282,80.21899259
1391,12.7868943,80.01509089
1392,12.733068,80.0950258
1393,12.68902926,80.21711571
1396,12.76298321,80.13410835
1399,12.682277,80.214789
1401,12.720473,80.0840864
1403,12.68842759,80.1585975
1404,12.71126562,80.09861964
1405,12.76250638,80.0037787
1406,12.75579041,80.11818575
1407,12.7181967,80.0642122
1410,12.67593893,80.1450838
1411,12.66367967,80.17756991
1414,12.65149,80.205114
1417,12.69592011,80.06941592
1418,12.74352978,79.99261625
1419,12.66501717,80.12979458
1420,12.69308237,80.0617457
1421,12.64064113,80.17371508
1424,12.64113221,80.19941497
1425,12.6585575,80.11874373
1426,12.66548654,80.12683276
1427,12.6582761,80.1121493
1430,12.69287586,80.03182015
1431,12.69785964,80.02103288
1439,12.686202,80.018664
1440,12.76093242,80.20981793
1442,12.84446352,80.03799948
1443,12.61673245,80.17515331
1444,12.691606,79.998697
1445,12.61479273,80.17193806
1446,12.69693539,79.97675681
1447,12.69101311,79.98032108
1449,12.642545,80.043062
1451,12.498732,79.982105
1454,12.424385,79.728596
1463,11.60630995,79.50741472
1484,13.0810968,80.2793889
1485,13.0819916,80.27635671
1492,13.0843007,80.2704622
1494,13.07888029,80.27039345
1496,13.09090715,80.26886158
1499,13.0930204,80.26894446
1502,13.09014324,80.26527957
1513,13.07781226,80.26371088
1519,13.0776182,80.26171679
1520,13.07019276,80.26600897
1522,13.09908101,80.26360303
1523,13.07945265,80.259612
1527,13.08671783,80.25736016
1532,13.099769,80.260377
1535,13.07175,80.259287
1538,13.08072524,80.25479051
1542,13.07880071,80.25360762
1543,13.09764679,80.25450498
1548,13.08486542,80.2502179
1551,13.0835623,80.2499896
1553,13.09382807,80.25087146
1555,13.05143477,80.21589506
1565,13.0613561,80.2545796
1566,13.08471575,80.24488219
1568,13.10622147,80.25039971
1571,13.07783541,80.24385552
1572,13.06680216,80.24793977
1573,13.06770906,80.24639525
1577,13.1082904,80.24824439
1582,13.09845125,80.24225361
1584,13.060652,80.247516
1587,13.03368298,80.1845922
1588,13.059402,80.248004
1590,13.06452322,80.24356128
1592,13.10833235,80.24448016
1593,13.09774308,80.23975637
1595,13.0663239,80.2417275
1597,13.052689,80.250949
1600,13.07649886,80.23750397
1605,13.0830977,80.2347951
1607,13.0509686,80.2488871
1609,13.08365679,80.23376967
1613,13.077999,80.2342342
1615,13.07979849,80.23352187
1616,13.11580386,80.24419317
1619,13.05861341,80.24040815
1625,13.06455543,80.23486772
1627,13.0788463,80.2303309
1628,13.07483065,80.23077461
1629,13.048102,80.245542
1631,13.05222033,80.24124339
1637,13.0664876,80.23146901
1639,12.98379163,80.22758458
1641,13.10132977,80.24210727
1642,13.11360591,80.23557733
1654,12.99613453,80.23904189
1656,13.09534485,80.21665135
1657,13.12654641,80.24143567
1662,13.119938,80.2342226
1663,13.04383151,80.23772224
1669,13.1071591,80.2246182
1671,13.04725419,80.23308342
1672,13.04993466,80.21516899
1678,13.09918239,80.21962077
1685,13.0417591,80.2340761
1688,13.11853311,80.2261106
1689,13.04219546,80.23263464
1693,13.07507801,80.21662378
1695,13.10013711,80.21544223
1699,13.12631453,80.22773258
1700,13.05272876,80.22154263
1702,13.07602815,80.21332898
1703,13.1216672,80.2235694
1704,13.0741295,80.2134855
1707,13.07925898,80.2121184
1712,13.10152236,80.21251832
1715,13.1198823,80.2196032
1716,13.07715232,80.21054838
1717,13.03498813,80.23095217
1718,13.0798105,80.209998
1720,13.1302152,80.2253316
1725,13.0648499,80.2114132
1727,13.06512829,80.2110722
1729,13.04149024,80.2216551
1735,13.0523076,80.2135034
1737,13.055276,80.211645
1739,13.064123,80.2084273
1743,13.10542137,80.20803644
1745,13.13888721,80.22789091
1746,13.04989686,80.21240305
1753,13.1203693,80.21230444
1755,13.03656887,80.22066692
1758,13.0419763,80.21614561
1759,13.0442273,80.2146808
1760,13.0663,80.2052
1765,13.03115979,80.22364812
1766,13.0717298,80.2030576
1769,13.0705134,80.2031199
1774,13.08532283,80.20119662
1781,13.10359799,80.20254636
1782,13.06980345,80.20077679
1785,13.0909508,80.21740658
1786,13.11877345,80.20652026
1787,13.04000047,80.21230348
1788,13.04891933,80.20656617
1791,13.13602314,80.21645428
1792,13.02506001,80.13610899
1794,13.09389761,80.19861991
1795,13.0846941,80.1982411
1796,13.05431509,80.20409845
1797,13.12820414,80.2103639
1799,13.1191916,80.2052895
1803,13.044044,80.208143
1806,13.10319064,80.19895317
1808,13.06653357,80.1951007
1815,13.145276,80.221506
1817,13.07518507,80.19570338
1820,13.07447527,80.23891836
1824,12.99069795,80.19678732
1827,13.0316755,80.21027747
1829,13.1157602,80.1993623
1831,13.12362325,80.20229642
1832,13.13571156,80.20947224
1833,13.10155196,80.19426562
1844,13.0688995,80.1929939
1848,13.1301656,80.2035463
1850,13.03580085,80.20550178
1851,13.02970714,80.2089447
1855,13.13069123,80.20234294
1861,13.02418038,80.21272359
1865,13.10119815,80.1898564
1869,13.07612855,80.18852853
1874,13.04892661,80.17280381
1881,13.0314296,80.2039731
1882,13.05299745,80.1921994
1884,13.04820271,80.18515862
1885,13.09606222,80.18634495
1887,13.03145795,80.20249109
1890,13.1239808,80.1937918
1896,13.124437,80.1934346
1898,13.12696566,80.19426265
1900,13.0475655,80.192083
1902,13.0566041,80.1885527
1906,13.05257915,80.18946138
1909,13.03096246,80.16369322
1915,13.0913713,80.1828353
1924,13.038768,80.192949
1927,13.01882311,80.20609096
1931,13.11150903,80.18437074
1936,13.08033874,80.18073624
1942,13.02595733,80.19986541
1944,13.14987898,80.20425141
1949,13.0382164,80.1912358
1954,13.08825806,80.1782064
1958,13.04462938,80.18573093
1962,13.13548128,80.19055373
1966,13.01448058,80.20458885
1969,13.14234589,80.19408423
1970,13.03152287,80.19132147
1971,13.08204842,80.17602354
1972,13.0149362,80.203634
1977,13.15819257,80.2035769
1981,13.03163737,80.18756679
1987,13.0253391,80.1899475
1988,13.083042,80.1715825
1992,13.15871426,80.19995565
1994,13.08277283,80.17035807
1995,13.1442247,80.1881981
1998,13.08873817,80.16959566
2006,13.09970954,80.17029914
2008,13.10558778,80.17117165
2015,13.00798333,80.19754216
2018,13.00404734,80.20101555
2020,13.07228146,80.16723356
2021,13.0298468,80.1809787
2022,13.11705287,80.17091502
2023,13.145407,80.1838076
2024,13.0216218,80.1857629
2030,13.06266092,80.16519188
2031,13.16535717,80.14974515
2032,13.04111751,80.17363572
2035,13.002114,80.200095
2038,13.09028501,80.19450738
2039,13.09516217,80.16361705
2044,13.06131791,80.1644915
2045,13.1321621,80.17187251
2051,13.089192,80.1613047
2052,13.0932294,80.1613665
2053,13.08918306,80.16084209
2056,13.02496872,80.17675585
2059,13.1162386,80.16369732
2065,13.24037066,80.20301909
2068,13.08066041,80.15735745
2073,13.02918283,80.16890436
2076,13.0970153,80.1561157
2077,13.07752441,80.15572496
2081,13.07544426,80.15383834
2089,13.1299346,80.1603018
2090,12.99576101,80.18881335
2095,13.11458709,80.15451778
2097,13.10618509,80.15230351
2099,12.9680119,80.19142766
2103,13.02249527,80.16661207
2106,13.07970208,80.15204498
2110,13.02082956,80.16624619
2113,12.9940827,80.1861962
2114,13.04590485,80.15459852
2116,13.118957,80.1526271
2118,13.09944114,80.14852617
2120,13.0335608,80.1583778
2121,13.1331155,80.15533109
2123,13.0513004,80.1510893
2124,13.09478413,80.14675632
2126,13.03447021,80.15612097
2132,12.95432098,80.134462
2135,13.11967988,80.14990554
2145,13.0816091,80.144254
2148,12.98800282,80.18527158
2158,13.1183865,80.145288
2160,13.0113746,80.16235925
2163,13.09783182,80.14037056
2164,13.03621319,80.14821815
2168,13.0663878,80.1390295
2169,13.01154517,80.15854142
2170,13.08526503,80.13747383
2173,13.06126089,80.13872069
2174,12.98745113,80.17596275
2181,13.12145112,80.15833596
2185,13.21712223,80.17101479
2187,13.08314108,80.15205815
2190,13.13683868,80.14188395
2191,13.0447508,80.1372975
2193,13.14006443,80.14204312
2195,12.97319315,80.15834924
2197,13.10725636,80.13132544
2201,13.16824256,80.15478137
2204,13.11483524,80.13160949
2207,13.07806638,80.19595014
2209,13.01915581,80.14259463
2210,13.10605212,80.12857308
2213,13.08360795,80.12649849
2214,13.05780092,80.12858308
2216,13.0463935,80.1308203
2224,13.0727065,80.1249969
2225,13.14920513,80.14878057
2226,13.1307405,80.1314386
2229,13.1459451,80.1366194
2231,13.0044227,80.14673939
2236,13.06935121,80.12398479
2237,12.9808,80.1641
2238,13.08846904,80.12302263
2239,12.9805033,80.1642348
2240,12.98365407,80.13303152
2243,13.15759922,80.14048792
2245,13.17880787,80.1538497
2250,13.0458696,80.1254761
2253,12.99538308,80.14941085
2260,12.99060096,80.14961976
2269,13.15479472,80.13349083
2272,13.04017014,80.12273194
2280,13.01251951,80.13181778
2281,13.02072331,80.13003689
2283,13.08117809,80.11382887
2287,12.98953369,80.14389649
2289,13.1131371,80.11493549
2295,13.05643334,80.11392702
2301,12.98282472,80.14619526
2304,13.04484543,80.11558349
2306,13.14928913,80.15301158
2307,13.02428534,80.14832988
2309,13.0114895,80.12681294
2312,13.17868995,80.13814713
2313,13.04160195,80.12709867
2316,13.08669494,80.10860886
2317,13.0016139,80.1308639
2318,13.0408638,80.1143062
2321,13.09845907,80.13045953
2322,13.03338692,80.13438868
2327,13.18924347,80.20156829
2332,13.00029282,80.12918844
2334,13.11425267,80.10812993
2339,12.97251727,80.14801241
2345,13.0136843,80.15145242
2348,13.00964722,80.12117079
2353,13.1152977,80.14672145
2354,13.0805859,80.1302118
2355,13.11573487,80.10515633
2366,13.00285964,80.12022796
2368,13.1207202,80.1033535
2370,13.12030673,80.10314015
2374,13.12573424,80.10322139
2375,13.11988841,80.10186604
2376,13.2115207,80.1512317
2380,12.95856665,80.15031684
2381,13.1616664,80.1149414
2384,12.9744144,80.13529736
2390,12.98042394,80.12910872
2391,13.05663492,80.09781549
2393,13.20232797,80.15466491
2395,13.13974948,80.10406833
2399,12.9748686,80.13297127
2400,12.9818988,80.1275771
2406,12.98507339,80.12314623
2408,13.14720011,80.13500487
2409,13.10535415,80.09360645
2411,12.95751202,80.14382518
2412,13.08877182,80.09195056
2413,13.05177599,80.09486902
2414,13.00544254,80.10946037
2418,13.13573728,80.09780369
2421,13.05065894,80.09343757
2424,13.01803576,80.10275741
2427,12.96104455,80.13689118
2430,13.20277103,80.13021932
2436,12.95155918,80.14031952
2438,12.9553707,80.1365778
2440,13.06325138,80.11913304
2442,12.965782,80.126874
2446,13.04904627,80.08678405
2447,12.99895596,80.13060521
2448,13.06350789,80.11802483
2450,13.13901987,80.12120306
2464,13.16696745,80.0982005
2465,13.12783534,80.08492155
2468,12.9857157,80.10668765
2469,12.94263102,80.14054677
2475,12.99803543,80.09762719
2478,13.0473361,80.08063832
2479,13.14893975,80.08779412
2481,13.07306914,80.07707631
2485,12.94079993,80.13813528
2486,13.20588641,80.11717517
2489,12.98227641,80.16233159
2491,13.03478844,80.08208925
2492,12.99711803,80.09613879
2493,13.12002262,80.11648768
2494,13.11953116,80.0780765
2503,12.94251109,80.13305784
2506,12.9593137,80.11719661
2507,12.9912207,80.0959662
2509,12.95258884,80.1344277
2519,12.93809261,80.13301369
2520,13.10109641,80.07097951
2521,12.96640754,80.10773958
2522,13.15166634,80.08061568
2523,13.22863291,80.12806228
2525,13.07214605,80.11450932
2527,12.98733507,80.09334521
2528,13.19182367,80.09792489
2531,12.93723897,80.1278624
2532,12.96777862,80.10279861
2533,13.1329725,80.0717548
2535,13.18345531,80.08993023
2537,12.94794333,80.11604304
2541,13.1758534,80.08466793
2542,12.9432723,80.1191204
2544,13.1717666,80.0814292
2545,13.183682,80.08715049
2549,13.10512179,80.07266907
2551,12.93323338,80.12438074
2552,13.14758208,80.07018779
2554,13.0572915,80.0626981
2556,13.18331664,80.08451398
2557,13.20400583,80.12584721
2562,12.99492741,80.07830081
2563,13.1461705,80.06712023
2567,13.1047757,80.0583933
2568,13.08943259,80.05746959
2570,13.07381068,80.04182026
2571,13.089235,80.056853
2573,13.23658215,80.11889454
2574,12.96970052,80.08995902
2576,13.14570443,80.0640807
2578,13.0552646,80.05693744
2584,13.03974289,80.05820822
2587,12.96009248,80.09036995
2589,13.105828,80.052
2590,12.92331111,80.12056117
2591,12.9257861,80.1178872
2592,12.9578921,80.0907223
2593,13.14197442,80.05775071
2596,13.13556927,80.11598677
2598,13.18059442,80.06989626
2603,13.21261017,80.08740612
2604,13.12449716,80.05055297
2607,12.95231963,80.08837921
2608,13.06778071,80.16334686
2611,13.15418677,80.05355266
2612,12.92623674,80.10954716
2618,12.92523576,80.09994795
2619,13.19160031,80.0668535
2623,12.98163302,80.06430393
2625,12.97847738,80.06571627
2626,13.0533897,80.11550373
2629,13.03611414,80.04404706
2635,12.98258965,80.06009586
2636,13.0679402,80.03691954
2637,12.91656884,80.1062506
2638,13.1863297,80.05892196
2640,12.95798093,80.07195433
2646,12.98097017,80.05697342
2654,13.13176185,80.03619331
2655,13.13339561,80.03654204
2656,13.07745198,80.05132734
2658,13.14212364,80.03797029
2661,13.15258225,80.03986547
2662,13.15644992,80.16133583
2663,13.12196286,80.03016544
2664,13.12468145,80.03241608
2666,12.96030055,80.11066485
2669,13.07677309,80.02754113
2670,13.2176166,80.09942129
2672,13.213638,80.0635255
2674,13.13125873,80.08649362
2679,12.91540065,80.0935396
2680,13.07838497,80.02546246
2681,13.17998417,80.044244
2692,13.04738837,80.025756
2693,13.2301932,80.0694368
2698,12.90643571,80.09631236
2700,12.91907796,80.08370153
2701,13.1205609,80.07212828
2702,12.9091208,80.09203826
2710,13.16464205,80.03142565
2712,12.91335069,80.08397319
2715,13.15394697,80.02543193
2718,12.9630519,80.05643515
2722,13.15099951,80.0799353
2723,13.21536199,80.04765637
2725,12.95603889,80.04453947
2729,13.01570002,80.08927776
2738,12.94276768,80.04970006
2740,13.24137497,80.12939583
2742,13.09429443,80.00689588
2747,12.91134134,80.06981721
2748,13.12894712,80.00841487
2749,12.89306994,80.08582416
2751,13.2368616,80.0513967
2752,13.12476291,80.006327
2754,13.01831136,80.01054184
2755,11.9921219,79.45356129
2756,13.1065562,80.15853515
2759,13.12379969,80.0676378
2761,13.16871265,80.03630653
2764,12.91699482,80.02221792
2769,13.17449086,80.00926448
2775,13.11690862,79.99475049
2776,12.94262691,80.06155024
2777,13.0954091,79.99294427
2778,13.06254971,80.01954529
2779,13.181807,80.009691
2784,12.90675706,80.08514411
2785,13.1420793,80.16208946
2789,13.08143397,80.01242057
2790,13.2228199,80.0250173
2791,13.13731244,79.99373316
2792,12.89221687,80.0645604
2794,13.22881506,80.02668662
2795,13.28534708,80.06997441
2796,12.91664741,80.04261079
2797,12.96445615,80.01330065
2808,13.17662762,80.05138785
2810,13.10472999,80.04612344
2813,13.12907449,79.98043558
2814,13.19017866,80.02164526
2815,12.89442294,80.04691346
2817,13.0992279,79.97498589
2818,12.99532236,79.98875602
2821,12.91928574,80.02515861
2823,13.16248618,79.98370816
2824,13.0586866,79.974522
2827,13.09175781,79.96880876
2830,13.26270355,80.0257702
2832,13.12445703,80.02161122
2833,12.46209542,79.65176879
2835,13.26184936,80.08156731
2839,13.25191708,80.01440115
2841,13.13873185,79.96874294
2843,13.29856845,80.04908052
2845,12.92980634,80.0030029
2846,13.09978261,79.98986895
2847,12.9434509,79.99458046
2849,12.98499329,79.97559159
2857,12.70103774,79.72074714
2859,13.03783738,79.95767106
2860,13.30807928,80.04628916
2863,13.19641507,79.97287078
2864,12.90457869,80.02116141
2870,13.20095017,79.97165092
2871,13.02132499,79.95543147
2872,13.29962131,80.02867081
2873,12.93233773,80.08820812
2874,13.29129686,80.02017687
2875,13.15051244,80.02618099
2876,13.26693262,80.04594279
2879,12.85165851,80.04114247
2881,12.87695405,80.06294983
2883,13.28337972,80.0815177
2885,13.19398761,79.99381497
2886,12.97631874,79.95888175
2887,13.01592992,79.94749267
2888,12.88300632,80.00941037
2890,13.28851276,80.06896155
2891,13.17359663,79.94813274
2892,13.27987223,79.99781609
2894,12.9527647,79.9606915
2895,13.17631273,80.02308072
2898,13.22997246,80.06221572
2903,13.19439876,80.00360387
2904,12.83734652,80.03151062
2907,12.9663877,79.94541828
2909,13.13522187,79.9275626
2912,13.13501078,80.09085359
2917,12.9839506,79.93636651
2921,12.95621095,79.94250183
2924,13.14159128,79.98917204
2926,13.15960223,79.92225225
2927,13.07892003,79.98573888
2928,12.87311104,79.98520686
2929,13.13697498,79.9175664
2930,13.2251347,80.01617174
2932,13.05635857,79.91258376
2934,13.12584461,80.00556285
2935,13.15646166,79.91765326
2936,13.13398864,79.95719871
2941,13.11094278,79.91021137
2943,12.9787515,79.9248629
2946,13.13687247,80.01350184
2948,13.12755734,79.91046674
2949,12.92377992,79.88872251
2951,13.09331834,79.90761668
2956,13.13778834,80.00218669
2959,12.94089192,79.95541188
2960,12.8273453,80.0031833
2963,12.85458917,79.97241206
2965,12.91679083,79.93246
2967,13.33674114,79.98398015
2969,12.85678071,80.00115773
2974,12.98366417,80.02097961
2975,12.88311002,79.93550912
2978,13.32168829,79.95332719
2979,13.0088859,79.881207
2980,12.99191127,80.02420165
2981,13.02425976,79.87669524
2982,12.85171149,79.94274861
2984,13.03327084,79.85336518
2985,12.8424794,79.92809596
2987,12.92563799,79.87987773
2988,13.316594,79.9177796
2994,13.32915871,79.9215267
2995,12.67384482,79.74174266
2998,13.03540227,79.8359135
2999,12.8416294,79.90844883
3001,12.8894577,79.87171662
3003,12.84809262,80.05751467
3004,13.02953123,79.82668143
3006,12.9907024,80.01480545
3007,12.98541891,79.92375563
3008,13.33405871,79.89401592
3012,12.83213675,79.88350992
3015,12.9521654,79.8142658
3016,12.82039498,79.87046869
3018,12.91120476,79.92950473
3019,12.80896734,79.82949719
3022,12.79263296,79.81734758
3035,12.89469471,79.50556536
3039,12.760537,79.166371
