route_id,route_short_name,route_long_name,max_link_volume,avg_link_volume,n_loaded_links,total_pax_km_links
1505,D70,D70,21338.0,12430.166666666666,30,372905.0
1512,E18,E18,14484.0,7882.0952380952385,42,331048.0
1511,E18,E18,12113.0,7201.266666666666,45,324057.0
16,101,101,10956.0,5571.346153846154,52,289710.0
1178,62,62,7660.0,5832.574468085107,47,274131.0
1435,91V,91V,10954.0,6840.974358974359,39,266798.0
1180,62,62,6605.0,5503.395833333333,48,264163.0
452,242,242,9404.0,6173.428571428572,42,259284.0
1226,66,66,11050.0,7616.878787878788,33,251357.0
1506,D70,D70,14734.0,9346.307692307691,26,243004.0
992,570,570,8247.0,4858.270833333333,48,233197.0
1262,70C,70C,12401.0,5910.526315789473,38,224600.0
367,19,19,8998.0,4290.326923076923,52,223097.0
1300,70V,70V,11835.0,9219.375,24,221265.0
1221,66,66,8811.0,6693.6875,32,214198.0
1263,70C,70C,12448.0,5839.088235294118,34,198529.0
1568,M88,M88,14325.0,7566.346153846154,26,196725.0
455,242,242,6934.0,4913.475,40,196539.0
464,26,26,11627.0,6069.96875,32,194239.0
108,114,114,10213.0,7986.0,23,183678.0
1567,M88,M88,15481.0,7064.461538461538,26,183676.0
736,500,500,11794.0,5023.388888888889,36,180842.0
47,104,104,8107.0,5986.1,30,179583.0
465,26,26,9959.0,6108.928571428572,28,171050.0
1296,70V,70V,8438.0,6712.72,25,167818.0
1434,91V,91V,10374.0,4531.324324324324,37,167659.0
1083,583,583,17342.0,3792.2727272727275,44,166860.0
46,104,104,7980.0,5513.033333333334,30,165391.0
1085,583,583,19671.0,4128.975,40,165159.0
14,101,101,6890.0,3148.4423076923076,52,163719.0
1452,99,99,8090.0,3724.0238095238096,42,156409.0
989,57,57,9782.0,6242.695652173913,23,143582.0
1744,T29C,T29C,5745.0,4213.911764705882,34,143273.0
369,19,19,4606.0,2594.9814814814813,54,140129.0
990,57,57,6926.0,5579.72,25,139493.0
1747,T29C,T29C,5919.0,4444.580645161291,31,137782.0
35,102K,102K,7267.0,5021.444444444444,27,135579.0
1338,77,77,10618.0,6178.380952380952,21,129746.0
272,159A,159A,4800.0,2915.409090909091,44,128278.0
106,114,114,7410.0,5537.608695652174,23,127365.0
419,21,21,10082.0,6587.9473684210525,19,125171.0
657,44,44,5861.0,3428.8611111111113,36,123439.0
591,35,35,5269.0,4069.9333333333334,30,122098.0
77,109,109,5683.0,2510.1458333333335,48,120487.0
1418,91,91,8093.0,4427.666666666667,27,119547.0
733,500,500,5505.0,3620.4545454545455,33,119475.0
1340,77,77,8886.0,5515.809523809524,21,115832.0
319,17D,17D,5503.0,3351.735294117647,34,113959.0
1318,72,72,5826.0,4371.7307692307695,26,113665.0
34,102K,102K,6504.0,4175.0,27,112725.0
463,25,25,8839.0,3067.8611111111113,36,110443.0
994,570,570,6825.0,2826.0263157894738,38,107389.0
417,21,21,9096.0,5960.555555555556,18,107290.0
762,51,51,7261.0,5075.619047619048,21,106588.0
235,15,15,7290.0,5044.285714285715,21,105930.0
1030,578,578,7550.0,3646.5172413793102,29,105749.0
836,52H,52H,9720.0,7000.733333333334,15,105011.0
80,109,109,4237.0,2352.2954545454545,44,103501.0
1453,99,99,5625.0,2451.9523809523807,42,102982.0
273,159A,159A,4192.0,2573.275,40,102931.0
924,558B,558B,3723.0,2138.5416666666665,48,102650.0
780,515A,515A,7468.0,3655.1071428571427,28,102343.0
590,35,35,4549.0,3526.1724137931033,29,102259.0
105,113,113,4742.0,3288.7741935483873,31,101952.0
1029,578,578,8167.0,3421.793103448276,29,99232.0
250,154,154,6229.0,3917.52,25,97938.0
779,515A,515A,8030.0,3247.3333333333335,30,97420.0
761,51,51,6430.0,4618.809523809524,21,96995.0
142,119,119,4971.0,2863.848484848485,33,94507.0
524,2A,2A,7130.0,3585.4615384615386,26,93222.0
523,2A,2A,6174.0,3204.344827586207,29,92926.0
234,15,15,5447.0,4419.523809523809,21,92810.0
922,558B,558B,3220.0,1868.1875,48,89673.0
835,52H,52H,8363.0,6118.857142857143,14,85664.0
1244,6D,6D,4687.0,2227.1315789473683,38,84631.0
253,154,154,4868.0,3381.6,25,84540.0
1471,A1,A1,4493.0,3520.5416666666665,24,84493.0
1472,A1,A1,4414.0,3513.75,24,84330.0
711,48C,48C,4485.0,2984.535714285714,28,83567.0
482,28,28,4994.0,2573.34375,32,82347.0
318,17D,17D,4107.0,2781.103448275862,29,80652.0
1554,M51D,M51D,3892.0,1578.3725490196077,51,80497.0
460,25,25,6814.0,2586.064516129032,31,80168.0
712,48C,48C,4307.0,2842.0714285714284,28,79578.0
1317,72,72,4503.0,3015.1153846153848,26,78393.0
1365,78,78,4747.0,3525.3636363636365,22,77558.0
232,14M,14M,4949.0,2870.96,25,71774.0
678,46G,46G,4118.0,2637.222222222222,27,71205.0
208,12X,12X,5149.0,2724.230769230769,26,70830.0
481,27D,27D,4247.0,1643.8292682926829,41,67397.0
1063,57G,57G,2475.0,2320.8275862068967,29,67304.0
973,56D,56D,2640.0,1897.264705882353,34,64507.0
401,202,202,5903.0,2128.5666666666666,30,63857.0
1553,M51D,M51D,2859.0,1159.0,55,63745.0
1750,V51,V51,5451.0,1858.4705882352941,34,63188.0
679,46G,46G,4147.0,2251.785714285714,28,63050.0
1072,57X,57X,2154.0,1249.2,50,62460.0
1558,M51V,M51V,2469.0,1557.75,40,62310.0
1064,57G,57G,2524.0,1815.0588235294117,34,61712.0
1557,M51V,M51V,2541.0,1567.6666666666667,39,61139.0
1748,V51,V51,6210.0,1828.6060606060605,33,60344.0
400,202,202,6533.0,1993.1666666666667,30,59795.0
490,29A,29A,3562.0,2289.3076923076924,26,59522.0
357,18K,18K,4277.0,2347.24,25,58681.0
480,27D,27D,2728.0,1395.4761904761904,42,58610.0
1330,76,76,3422.0,2178.1923076923076,26,56633.0
36,102P,102P,2657.0,1512.7837837837837,37,55973.0
102,113,113,2212.0,1725.65625,32,55221.0
1071,57X,57X,1967.0,1148.7291666666667,48,55139.0
177,121A,121A,2960.0,1658.7272727272727,33,54738.0
778,515,515,2049.0,1125.0625,48,54003.0
626,4,4,2144.0,1448.2162162162163,37,53584.0
143,119,119,2974.0,1672.46875,32,53519.0
777,515,515,2318.0,1069.28,50,53464.0
1020,572,572,4013.0,1577.3333333333333,33,52052.0
1255,70A,70A,3745.0,2044.32,25,51108.0
625,4,4,1845.0,1267.7179487179487,39,49441.0
1198,64K,64K,2884.0,1486.3939393939395,33,49051.0
1095,583D,583D,2619.0,2012.1666666666667,24,48292.0
37,102P,102P,2179.0,1333.638888888889,36,48011.0
491,29A,29A,2962.0,1705.857142857143,28,47764.0
852,54,54,1744.0,1133.6190476190477,42,47612.0
971,56D,56D,2077.0,1311.5555555555557,36,47216.0
985,56P,56P,2187.0,1069.9318181818182,44,47077.0
356,18K,18K,3950.0,2038.7826086956522,23,46892.0
1245,6D,6D,3033.0,1294.111111111111,36,46588.0
1125,597A,597A,2835.0,1454.5,32,46544.0
178,121C,121C,2004.0,844.9454545454546,55,46472.0
1665,S53,S53,4485.0,3310.214285714286,14,46343.0
866,54B,54B,2673.0,1642.0,28,45976.0
685,47A,47A,2087.0,1275.6666666666667,36,45924.0
798,51A,51A,3160.0,1346.3529411764705,34,45776.0
684,47,47,2036.0,1234.5135135135135,37,45677.0
1024,572A,572A,3042.0,1266.9722222222222,36,45611.0
528,3,3,8690.0,1894.1666666666667,24,45460.0
1096,583D,583D,2488.0,1806.76,25,45169.0
1395,88K,88K,2259.0,907.5510204081633,49,44470.0
1023,572A,572A,2969.0,1234.6944444444443,36,44449.0
1142,5E,5E,2119.0,1225.8055555555557,36,44129.0
1258,70A,70A,3756.0,1752.08,25,43802.0
264,157,157,1927.0,1132.1052631578948,38,43020.0
1498,B70CT,B70CT,3614.0,1258.1470588235295,34,42777.0
1075,580,580,1445.0,946.6444444444444,45,42599.0
287,15F,15F,5469.0,1563.3703703703704,27,42211.0
1076,580,580,1625.0,978.7441860465116,43,42086.0
984,56P,56P,2122.0,748.8928571428571,56,41938.0
585,33C,33C,3380.0,1974.952380952381,21,41474.0
1193,64C,64C,2275.0,1219.8235294117646,34,41474.0
686,47A,47A,2418.0,1148.9714285714285,35,40214.0
291,15F,15F,7466.0,1607.32,25,40183.0
1305,71E,71E,2140.0,1295.2903225806451,31,40154.0
1176,61R,61R,2848.0,1644.75,24,39474.0
633,40H,40H,2127.0,1124.2571428571428,35,39349.0
725,49F,49F,3001.0,1402.4642857142858,28,39269.0
1019,572,572,2979.0,1148.5588235294117,34,39051.0
584,33C,33C,3495.0,1943.1,20,38862.0
1366,78,78,2246.0,1736.1818181818182,22,38196.0
1374,7H,7H,3151.0,1636.391304347826,23,37637.0
187,121G,121G,2329.0,1385.2222222222222,27,37401.0
705,48B,48B,2016.0,1065.8,35,37303.0
399,20,20,2668.0,1377.3333333333333,27,37188.0
426,21G,21G,2223.0,972.5526315789474,38,36957.0
1175,61R,61R,2743.0,1673.7272727272727,22,36822.0
1419,91,91,3966.0,1344.2222222222222,27,36294.0
658,44,44,2248.0,871.0975609756098,41,35715.0
720,49,49,3064.0,1322.148148148148,27,35698.0
670,46,46,2063.0,1188.7,30,35661.0
941,55D,55D,3650.0,2059.5882352941176,17,35013.0
1531,M1,M1,3934.0,1739.1,20,34782.0
719,49,49,2665.0,1317.0,26,34242.0
1128,597A,597A,1968.0,1035.121212121212,33,34159.0
966,56A,56A,1869.0,992.8235294117648,34,33756.0
1666,S53,S53,3494.0,2380.8571428571427,14,33332.0
601,37,37,1834.0,845.1025641025641,39,32959.0
1067,57J,57J,1903.0,763.7674418604652,43,32842.0
1190,63,63,2506.0,1412.8260869565217,23,32495.0
311,170C,170C,2305.0,1292.92,25,32323.0
1741,T23C,T23C,1847.0,944.1176470588235,34,32100.0
600,37,37,1497.0,719.9772727272727,44,31679.0
477,27B,27B,2125.0,1265.48,25,31637.0
427,21G,21G,1800.0,875.5555555555555,36,31520.0
1141,5E,5E,2367.0,768.3658536585366,41,31503.0
1441,95,95,2339.0,946.7575757575758,33,31243.0
292,15G,15G,2841.0,1543.7,20,30874.0
1398,88K,88K,2265.0,808.5263157894736,38,30724.0
1189,63,63,2321.0,1332.1304347826087,23,30639.0
1532,M1,M1,2769.0,1531.65,20,30633.0
1379,7M,7M,1660.0,1076.9642857142858,28,30155.0
313,170C,170C,1569.0,1142.8076923076924,26,29713.0
1139,5C,5C,1934.0,1188.48,25,29712.0
750,505,505,2241.0,746.8461538461538,39,29127.0
1106,59,59,1361.0,831.8571428571429,35,29115.0
1140,5C,5C,1795.0,1264.5217391304348,23,29084.0
1497,B70CT,B70CT,1672.0,853.4117647058823,34,29016.0
179,121C,121C,1378.0,539.0377358490566,53,28569.0
209,12X,12X,1481.0,1019.75,28,28553.0
293,15G,15G,2327.0,1425.6,20,28512.0
942,55D,55D,3895.0,1897.6666666666667,15,28465.0
751,505,505,2315.0,726.8974358974359,39,28349.0
635,40H,40H,1621.0,830.5,34,28237.0
474,27B,27B,1848.0,1087.72,25,27193.0
1407,89T,89T,1872.0,967.7857142857143,28,27098.0
1622,S26,S26,1784.0,1479.3333333333333,18,26628.0
615,38C,38C,1816.0,829.8125,32,26554.0
796,51A,51A,1717.0,772.5,34,26265.0
648,42,42,2338.0,1133.9130434782608,23,26080.0
1376,7H,7H,1765.0,1032.0,25,25800.0
560,31A,31A,1924.0,1353.421052631579,19,25715.0
561,31A,31A,1992.0,1418.9444444444443,18,25541.0
1459,99A,99A,1134.0,1015.08,25,25377.0
1408,89T,89T,1688.0,902.9642857142857,28,25283.0
647,42,42,2131.0,1083.8260869565217,23,24928.0
1068,57J,57J,1804.0,590.4761904761905,42,24800.0
706,48B,48B,1566.0,665.5675675675676,37,24626.0
1303,71E,71E,1346.0,764.8125,32,24474.0
965,56A,56A,1449.0,719.7058823529412,34,24470.0
911,557,557,927.0,673.9444444444445,36,24262.0
1105,59,59,1367.0,669.5833333333334,36,24105.0
1194,64C,64C,1077.0,681.9428571428572,35,23868.0
662,44CT,44CT,1511.0,1077.7272727272727,22,23710.0
170,121,121,1519.0,621.2105263157895,38,23606.0
173,121,121,1390.0,608.4736842105264,38,23122.0
1133,597C,597C,1112.0,823.5,28,23058.0
1380,7M,7M,987.0,698.6060606060606,33,23054.0
572,32B,32B,2799.0,1147.25,20,22945.0
1272,70G,70G,1355.0,730.1612903225806,31,22635.0
204,12G,12G,1074.0,769.8275862068965,29,22325.0
1623,S26,S26,1504.0,1380.875,16,22094.0
233,14M,14M,2352.0,810.8148148148148,27,21892.0
1132,597C,597C,1066.0,779.5,28,21826.0
661,44CT,44CT,1592.0,1073.0,20,21460.0
932,55A,55A,2015.0,1424.6666666666667,15,21370.0
295,164,164,1347.0,531.4,40,21256.0
673,46,46,1525.0,758.6785714285714,28,21243.0
1174,61K,61K,2311.0,1239.8823529411766,17,21078.0
1037,579A,579A,809.0,484.1860465116279,43,20820.0
242,153A,153A,1219.0,480.7674418604651,43,20673.0
931,55A,55A,1948.0,1371.2666666666667,15,20569.0
12,1,1,727.0,436.82978723404256,47,20531.0
1040,579A,579A,839.0,466.47727272727275,44,20525.0
1745,T29C,T29C,1421.0,581.2857142857143,35,20345.0
1107,591,591,763.0,549.4594594594595,37,20330.0
912,557,557,838.0,547.6111111111111,36,19714.0
858,547,547,894.0,612.5,32,19600.0
856,547,547,904.0,610.71875,32,19543.0
865,54B,54B,1528.0,1212.875,16,19406.0
1173,61K,61K,1856.0,1124.1176470588234,17,19110.0
1740,T23C,T23C,784.0,537.7142857142857,35,18820.0
804,51B,51B,1424.0,644.0689655172414,29,18678.0
1275,70G,70G,1411.0,715.1923076923077,26,18595.0
914,557AET,557AET,450.0,331.2857142857143,56,18552.0
616,38C,38C,2096.0,620.4827586206897,29,17994.0
1593,S167,S167,6882.0,2200.25,8,17602.0
682,47,47,884.0,462.3157894736842,38,17568.0
1594,S167,S167,5700.0,2152.375,8,17219.0
573,32B,32B,1534.0,850.2,20,17004.0
1702,S74,S74,2980.0,2099.75,8,16798.0
147,11G,11G,1442.0,617.3333333333334,27,16668.0
727,49F,49F,1473.0,535.3225806451613,31,16595.0
483,28,28,983.0,505.40625,32,16173.0
803,51B,51B,1158.0,528.1333333333333,30,15844.0
365,18X,18X,3245.0,499.03225806451616,31,15470.0
1325,73C,73C,2096.0,852.6111111111111,18,15347.0
146,11G,11G,1273.0,596.12,25,14903.0
227,147C,147C,894.0,568.8461538461538,26,14790.0
913,557AET,557AET,448.0,263.4642857142857,56,14754.0
1440,95,95,801.0,428.8181818181818,33,14151.0
1486,A51,A51,675.0,338.1463414634146,41,13864.0
1663,S52,S52,1899.0,800.0588235294117,17,13601.0
1664,S52,S52,1326.0,787.1176470588235,17,13381.0
364,18X,18X,3173.0,311.09302325581393,43,13377.0
1701,S74,S74,2567.0,1667.875,8,13343.0
564,31G,31G,818.0,554.875,24,13317.0
1066,57H,57H,630.0,277.125,48,13302.0
1197,64K,64K,694.0,403.875,32,12924.0
1059,57F,57F,437.0,292.29545454545456,44,12861.0
1650,S45,S45,1373.0,651.5263157894736,19,12379.0
916,557C,557C,305.0,237.92307692307693,52,12372.0
1108,591,591,754.0,317.57894736842104,38,12068.0
1649,S45,S45,1296.0,602.3,20,12046.0
951,55V,55V,1558.0,834.2142857142857,14,11679.0
1331,76,76,1027.0,414.07142857142856,28,11594.0
129,114S,114S,410.0,262.1136363636364,44,11533.0
619,38G,38G,335.0,267.8139534883721,43,11516.0
1065,57H,57H,724.0,318.8611111111111,36,11479.0
1677,S58,S58,2227.0,717.25,16,11476.0
1326,73C,73C,1142.0,715.5,16,11448.0
186,121G,121G,779.0,407.60714285714283,28,11413.0
1169,61C,61C,1021.0,625.6666666666666,18,11262.0
915,557C,557C,282.0,220.54901960784315,51,11248.0
226,147C,147C,588.0,415.0,27,11205.0
75,105A,105A,955.0,294.39473684210526,38,11187.0
1484,A51,A51,444.0,265.3333333333333,42,11144.0
1088,583A,583A,663.0,505.8636363636364,22,11129.0
621,38H,38H,934.0,425.96153846153845,26,11075.0
1092,583C,583C,1221.0,690.6875,16,11051.0
952,55V,55V,1664.0,849.3076923076923,13,11041.0
1087,583A,583A,893.0,490.22727272727275,22,10785.0
1018,570X,570X,207.0,164.4375,64,10524.0
622,38H,38H,1003.0,416.16,25,10404.0
1121,597,597,449.0,207.32,50,10366.0
565,31G,31G,844.0,430.7826086956522,23,9908.0
297,164,164,328.0,224.5681818181818,44,9881.0
1170,61C,61C,856.0,545.0555555555555,18,9811.0
594,36K,36K,515.0,266.0833333333333,36,9579.0
664,45A,45A,752.0,327.2142857142857,28,9162.0
1113,592,592,404.0,277.57575757575756,33,9160.0
321,17E,17E,557.0,347.7307692307692,26,9041.0
1619,S25,S25,1176.0,745.75,12,8949.0
529,3,3,843.0,406.1363636363636,22,8935.0
1093,583C,583C,1026.0,553.375,16,8854.0
1102,588,588,458.0,186.19148936170214,47,8751.0
1644,S42,S42,549.0,409.23809523809524,21,8594.0
71,105,105,1512.0,256.93939393939394,33,8479.0
1618,S25,S25,1083.0,702.5833333333334,12,8431.0
320,17E,17E,541.0,340.4166666666667,24,8170.0
1099,588,588,485.0,170.29787234042553,47,8004.0
919,558A,558A,541.0,281.17857142857144,28,7873.0
1111,592,592,338.0,226.11764705882354,34,7688.0
467,266,266,285.0,195.0,39,7605.0
595,36K,36K,465.0,206.52777777777777,36,7435.0
174,121A,121A,360.0,257.5357142857143,28,7211.0
212,13,13,662.0,374.3157894736842,19,7112.0
214,142,142,1135.0,643.0,11,7073.0
1047,57A,57A,860.0,234.86666666666667,30,7046.0
398,20,20,401.0,270.38461538461536,26,7030.0
1048,57A,57A,823.0,211.36363636363637,33,6975.0
1054,57CCT,57CCT,685.0,187.35135135135135,37,6932.0
821,522,522,450.0,133.03846153846155,52,6918.0
205,12G,12G,437.0,254.92307692307693,26,6628.0
1446,95W,95W,925.0,925.0,7,6475.0
501,29C,29C,258.0,179.58333333333334,36,6465.0
1119,595,595,239.0,123.58823529411765,51,6303.0
1445,95W,95W,794.0,258.2916666666667,24,6199.0
826,523A,523A,238.0,103.21666666666667,60,6193.0
596,36M,36M,1246.0,279.95454545454544,22,6159.0
213,13,13,449.0,301.3,20,6026.0
547,309SP,309SP,538.0,354.47058823529414,17,6026.0
486,28B,28B,287.0,146.84615384615384,39,5727.0
50,104C,104C,1464.0,332.4117647058824,17,5651.0
52,104CCT,104CCT,1109.0,402.92857142857144,14,5641.0
822,522,522,389.0,117.48936170212765,47,5522.0
74,105A,105A,168.0,161.84848484848484,33,5341.0
1695,S69 CMRL Feeder Service,S69 CMRL Feeder Service,476.0,348.46666666666664,15,5227.0
1120,595,595,153.0,90.0,58,5220.0
578,32C,32C,1750.0,579.6666666666666,9,5217.0
597,36M,36M,1119.0,220.82608695652175,23,5079.0
1696,S69 CMRL Feeder Service,S69 CMRL Feeder Service,420.0,358.14285714285717,14,5014.0
1643,S42,S42,339.0,229.04761904761904,21,4810.0
1052,57C,57C,500.0,142.24242424242425,33,4694.0
1467,9M,9M,439.0,248.27777777777777,18,4469.0
331,188K,188K,1066.0,184.56521739130434,23,4245.0
1031,578A,578A,656.0,153.0,27,4131.0
1462,99C,99C,199.0,163.16666666666666,24,3916.0
574,32C,32C,1471.0,484.875,8,3879.0
1015,570X,570X,83.0,72.41509433962264,53,3838.0
1032,578A,578A,606.0,139.85185185185185,27,3776.0
1468,9M,9M,362.0,210.94117647058823,17,3586.0
536,304SP,304SP,454.0,298.0,12,3576.0
539,305SP,305SP,395.0,269.2307692307692,13,3500.0
1591,S166,S166,831.0,318.0,11,3498.0
666,45B,45B,231.0,171.35,20,3427.0
535,303SP,303SP,473.0,417.5,8,3340.0
96,111,111,155.0,88.35135135135135,37,3269.0
330,188K,188K,916.0,147.4090909090909,22,3243.0
425,21G,21G,407.0,201.375,16,3222.0
1349,77FCT,77FCT,254.0,107.37931034482759,29,3114.0
1645,S43,S43,420.0,282.09090909090907,11,3103.0
563,31B,31B,175.0,144.47619047619048,21,3034.0
1171,61E,61E,200.0,158.31578947368422,19,3008.0
562,31B,31B,158.0,141.95238095238096,21,2981.0
1049,57B,57B,435.0,369.75,8,2958.0
1592,S166,S166,596.0,263.45454545454544,11,2898.0
1050,57B,57B,387.0,345.25,8,2762.0
663,45A,45A,256.0,109.44,25,2736.0
215,142,142,387.0,242.36363636363637,11,2666.0
1061,57F,57F,77.0,63.853658536585364,41,2618.0
97,111,111,121.0,69.97297297297297,37,2589.0
1661,S51 CMRL Feeder Service,S51 CMRL Feeder Service,396.0,215.41666666666666,12,2585.0
1350,77FCT,77FCT,206.0,93.96296296296296,27,2537.0
765,512,512,93.0,64.74358974358974,39,2525.0
1172,61E,61E,172.0,131.73684210526315,19,2503.0
362,18R,18R,147.0,67.25,36,2421.0
1703,S75,S75,269.0,134.0,17,2278.0
665,45B,45B,234.0,139.625,16,2234.0
1646,S43,S43,413.0,246.55555555555554,9,2219.0
903,555N,555N,146.0,100.81818181818181,22,2218.0
1682,S6,S6,214.0,103.52380952380952,21,2174.0
1733,S98 CMRL Feeder Service,S98 CMRL Feeder Service,260.0,260.0,8,2080.0
1357,77T,77T,148.0,93.72727272727273,22,2062.0
128,114S,114S,149.0,46.84090909090909,44,2061.0
1053,57CCT,57CCT,128.0,57.42857142857143,35,2010.0
1206,65B,65B,219.0,110.83333333333333,18,1995.0
135,118G,118G,318.0,103.6842105263158,19,1970.0
1662,S51 CMRL Feeder Service,S51 CMRL Feeder Service,326.0,150.84615384615384,13,1961.0
1414,8B,8B,130.0,107.83333333333333,18,1941.0
54,104CCT,104CCT,313.0,157.83333333333334,12,1894.0
1124,597,597,172.0,39.416666666666664,48,1892.0
134,118G,118G,277.0,100.66666666666667,18,1812.0
823,523,523,98.0,34.35294117647059,51,1752.0
902,555N,555N,98.0,79.18181818181819,22,1742.0
1044,579C,579C,68.0,54.16129032258065,31,1679.0
1670,S54VCT,S54VCT,132.0,111.13333333333334,15,1667.0
1368,79A,79A,91.0,58.857142857142854,28,1648.0
900,555M,555M,91.0,49.878787878787875,33,1646.0
825,523A,523A,95.0,26.9,60,1614.0
1659,S50,S50,226.0,110.07142857142857,14,1541.0
148,11GET,11GET,89.0,76.75,20,1535.0
899,555M,555M,102.0,47.59375,32,1523.0
929,558P,558P,96.0,46.96875,32,1503.0
853,54,54,59.0,57.69230769230769,26,1500.0
72,105,105,75.0,69.28571428571429,21,1455.0
843,53G,53G,166.0,145.3,10,1453.0
51,104C,104C,402.0,85.1875,16,1363.0
764,512,512,61.0,34.38461538461539,39,1341.0
970,56C,56C,92.0,60.59090909090909,22,1333.0
1690,S64,S64,129.0,108.5,12,1302.0
1358,77T,77T,98.0,76.41176470588235,17,1299.0
1183,62B,62B,168.0,49.76923076923077,26,1294.0
1669,S54VCT,S54VCT,112.0,85.73333333333333,15,1286.0
1341,77A,77A,208.0,75.52941176470588,17,1284.0
567,31M,31M,61.0,53.291666666666664,24,1279.0
930,558P,558P,98.0,39.59375,32,1267.0
156,120A,120A,62.0,31.236842105263158,38,1187.0
1672,S55,S55,210.0,65.88888888888889,18,1186.0
1681,S6,S6,134.0,54.38095238095238,21,1142.0
1042,579C,579C,42.0,34.15151515151515,33,1127.0
920,558A,558A,95.0,51.13636363636363,22,1125.0
845,53G,53G,121.0,107.2,10,1072.0
458,24A,24A,61.0,44.25,24,1062.0
1689,S64,S64,134.0,86.16666666666667,12,1034.0
1530,J66,J66,346.0,46.13636363636363,22,1015.0
1345,77CT,77CT,290.0,45.09090909090909,22,992.0
1413,8B,8B,51.0,47.142857142857146,21,990.0
1367,79A,79A,65.0,34.06896551724138,29,988.0
1212,65D,65D,65.0,28.2,35,987.0
1660,S50,S50,113.0,69.14285714285714,14,968.0
1612,S22,S22,86.0,54.588235294117645,17,928.0
1342,77A,77A,174.0,54.294117647058826,17,923.0
1607,S2,S2,63.0,40.31818181818182,22,887.0
1566,M70,M70,163.0,57.8,15,867.0
122,114G,114G,60.0,17.48936170212766,47,822.0
1184,62B,62B,107.0,28.5,26,741.0
218,142P,142P,53.0,46.3125,16,741.0
537,304SP,304SP,74.0,74.0,10,740.0
1606,S2,S2,51.0,34.666666666666664,21,728.0
1537,M18C,M18C,61.0,38.05263157894737,19,723.0
141,118T,118T,94.0,42.05882352941177,17,715.0
1103,58V,58V,47.0,20.941176470588236,34,712.0
950,55M,55M,60.0,47.333333333333336,15,710.0
157,120A,120A,51.0,22.0,32,704.0
949,55M,55M,99.0,63.72727272727273,11,701.0
1704,S75,S75,63.0,63.0,11,693.0
1104,58V,58V,39.0,19.6,35,686.0
541,306SP,306SP,112.0,66.2,10,662.0
457,24A,24A,51.0,27.25,24,654.0
487,28B,28B,19.0,16.36842105263158,38,622.0
1210,65CCT,65CCT,51.0,15.794871794871796,39,616.0
873,54G,54G,139.0,46.30769230769231,13,602.0
123,114G,114G,37.0,13.043478260869565,46,600.0
200,12B,12B,59.0,59.0,10,590.0
449,23C,23C,35.0,30.473684210526315,19,579.0
1168,61A,61A,44.0,33.94117647058823,17,577.0
131,118,118,41.0,24.863636363636363,22,547.0
130,118,118,33.0,21.76,25,544.0
1058,57E,57E,171.0,42.833333333333336,12,514.0
1700,S73,S73,59.0,31.75,16,508.0
1355,77P,77P,133.0,63.375,8,507.0
548,310SP,310SP,48.0,38.61538461538461,13,502.0
874,54G,54G,139.0,22.5,22,495.0
1461,99C,99C,19.0,19.0,24,456.0
1613,S22,S22,52.0,26.41176470588235,17,449.0
140,118T,118T,66.0,22.2,20,444.0
514,29E,29E,21.0,21.0,21,441.0
1167,61A,61A,38.0,25.705882352941178,17,437.0
1699,S73,S73,34.0,25.75,16,412.0
947,55K,55K,62.0,36.90909090909091,11,406.0
1253,70,70,13.0,13.0,30,390.0
132,118ET,118ET,38.0,16.166666666666668,24,388.0
729,4M,4M,52.0,7.877551020408164,49,386.0
925,558C,558C,31.0,10.694444444444445,36,385.0
926,558C,558C,26.0,10.405405405405405,37,385.0
868,54C,54C,68.0,33.63636363636363,11,370.0
1117,593CT,593CT,24.0,14.64,25,366.0
133,118ET,118ET,35.0,14.16,25,354.0
1697,S70K,S70K,37.0,37.0,9,333.0
910,556,556,59.0,9.264705882352942,34,315.0
909,556,556,59.0,31.2,10,312.0
1046,579K,579K,12.0,9.928571428571429,28,278.0
1678,S58,S58,23.0,20.53846153846154,13,267.0
880,54P,54P,17.0,10.91304347826087,23,251.0
1529,J66,J66,173.0,10.391304347826088,23,239.0
120,114ET,114ET,10.0,5.523809523809524,42,232.0
374,19BET,19BET,14.0,5.45,40,218.0
1584,S13,S13,31.0,31.0,7,217.0
867,54C,54C,43.0,18.636363636363637,11,205.0
948,55K,55K,49.0,28.714285714285715,7,201.0
1549,M27,M27,24.0,14.0,13,182.0
1356,77P,77P,55.0,22.375,8,179.0
448,23C,23C,13.0,9.705882352941176,17,165.0
944,55DET,55DET,32.0,11.538461538461538,13,150.0
542,307-SP,307-SP,9.0,8.333333333333334,18,150.0
375,19BET,19BET,10.0,3.311111111111111,45,149.0
43,102X,102X,3.0,3.0,48,144.0
943,55DET,55DET,25.0,8.1875,16,131.0
546,309SP,309SP,16.0,12.9,10,129.0
730,4M,4M,28.0,4.777777777777778,27,129.0
543,307-SP,307-SP,9.0,8.0625,16,129.0
1205,65B,65B,15.0,8.466666666666667,15,127.0
1118,593CT,593CT,17.0,17.0,7,119.0
549,310SP,310SP,9.0,9.0,13,117.0
249,153T,153T,4.0,2.2745098039215685,51,116.0
1057,57E,57E,115.0,115.0,1,115.0
1574,M88T,M88T,3.0,2.769230769230769,39,108.0
1708,S80,S80,13.0,7.214285714285714,14,101.0
1573,M88T,M88T,6.0,5.375,16,86.0
1034,578ET,578ET,7.0,2.774193548387097,31,86.0
1538,M18C,M18C,25.0,20.25,4,81.0
741,500E,500E,7.0,2.96,25,74.0
121,114ET,114ET,8.0,3.0434782608695654,23,70.0
1713,S83,S83,14.0,14.0,5,70.0
1651,S47,S47,13.0,9.571428571428571,7,67.0
620,38G,38G,4.0,2.0,33,66.0
742,500E,500E,4.0,2.2758620689655173,29,66.0
1652,S47,S47,11.0,8.428571428571429,7,59.0
245,153A,153A,5.0,1.9655172413793103,29,57.0
1671,S55,S55,5.0,4.153846153846154,13,54.0
566,31M,31M,7.0,5.3,10,53.0
940,55C,55C,6.0,4.636363636363637,11,51.0
860,547A,547A,12.0,3.4166666666666665,12,41.0
1714,S83,S83,8.0,8.0,5,40.0
556,314SP,314SP,3.0,2.7142857142857144,14,38.0
938,55C,55C,4.0,4.0,8,32.0
1022,572,572,2.0,2.0,14,28.0
554,313SP,313SP,2.0,2.0,14,28.0
1405,88R,88R,1.0,1.0,27,27.0
598,36V,36V,10.0,3.142857142857143,7,22.0
1406,88R,88R,2.0,1.5833333333333333,12,19.0
936,55B,55B,2.0,1.4166666666666667,12,17.0
599,36V,36V,7.0,3.4,5,17.0
774,514ET,514ET,7.0,5.0,3,15.0
1707,S80,S80,3.0,1.8571428571428572,7,13.0
773,514ET,514ET,6.0,4.0,3,12.0
1211,65D,65D,1.0,1.0,6,6.0
94,11,11,1.0,1.0,5,5.0
168,120KET,120KET,1.0,1.0,3,3.0
